<?xml version="1.0" encoding="UTF-8"?>
<dataroot xmlns:od="urn:schemas-microsoft-com:officedata" generated="2011-11-16T15:07:42">
<photo>
<ID>2</ID>
<uid>3</uid>
<photo>img/8.jpg</photo>
</photo>
<photo>
<ID>3</ID>
<uid>3</uid>
<photo>img/7.jpg</photo>
</photo>
<photo>
<ID>4</ID>
<uid>4</uid>
<photo>img/6.jpg</photo>
</photo>
<photo>
<ID>5</ID>
<uid>5</uid>
<photo>img/5.jpg</photo>
</photo>
<photo>
<ID>6</ID>
<uid>5</uid>
<photo>img/4.jpg</photo>
</photo>
<photo>
<ID>7</ID>
<uid>4</uid>
<photo>img/3.jpg</photo>
</photo>
<photo>
<ID>8</ID>
<uid>5</uid>
<photo>&lt;font color=&apos;#FF0000&apos;&gt;img/2.jpg&lt;/font&gt;</photo>
</photo>
</dataroot>
