<?xml version="1.0" standalone="yes"?>
<RECORDS>
<RECORD>
<auto>1</auto>
<level>1</level>
<getExp>10</getExp>
<maxExp>10</maxExp>
<heroAT>14</heroAT>
<heroDP>6</heroDP>
<heroHP>80</heroHP>
</RECORD>
<RECORD>
<auto>2</auto>
<level>2</level>
<getExp>12</getExp>
<maxExp>60</maxExp>
<heroAT>16</heroAT>
<heroDP>7</heroDP>
<heroHP>90</heroHP>
</RECORD>
<RECORD>
<auto>3</auto>
<level>3</level>
<getExp>14</getExp>
<maxExp>150</maxExp>
<heroAT>18</heroAT>
<heroDP>8</heroDP>
<heroHP>100</heroHP>
</RECORD>
<RECORD>
<auto>4</auto>
<level>4</level>
<getExp>16</getExp>
<maxExp>300</maxExp>
<heroAT>20</heroAT>
<heroDP>9</heroDP>
<heroHP>110</heroHP>
</RECORD>
<RECORD>
<auto>5</auto>
<level>5</level>
<getExp>18</getExp>
<maxExp>510</maxExp>
<heroAT>22</heroAT>
<heroDP>10</heroDP>
<heroHP>120</heroHP>
</RECORD>
<RECORD>
<auto>6</auto>
<level>6</level>
<getExp>20</getExp>
<maxExp>780</maxExp>
<heroAT>24</heroAT>
<heroDP>11</heroDP>
<heroHP>130</heroHP>
</RECORD>
<RECORD>
<auto>7</auto>
<level>7</level>
<getExp>22</getExp>
<maxExp>1120</maxExp>
<heroAT>26</heroAT>
<heroDP>12</heroDP>
<heroHP>140</heroHP>
</RECORD>
<RECORD>
<auto>8</auto>
<level>8</level>
<getExp>24</getExp>
<maxExp>1540</maxExp>
<heroAT>28</heroAT>
<heroDP>13</heroDP>
<heroHP>150</heroHP>
</RECORD>
<RECORD>
<auto>9</auto>
<level>9</level>
<getExp>26</getExp>
<maxExp>2030</maxExp>
<heroAT>30</heroAT>
<heroDP>14</heroDP>
<heroHP>160</heroHP>
</RECORD>
<RECORD>
<auto>10</auto>
<level>10</level>
<getExp>28</getExp>
<maxExp>2600</maxExp>
<heroAT>32</heroAT>
<heroDP>15</heroDP>
<heroHP>170</heroHP>
</RECORD>
<RECORD>
<auto>11</auto>
<level>11</level>
<getExp>30</getExp>
<maxExp>3250</maxExp>
<heroAT>34</heroAT>
<heroDP>16</heroDP>
<heroHP>180</heroHP>
</RECORD>
<RECORD>
<auto>12</auto>
<level>12</level>
<getExp>32</getExp>
<maxExp>4000</maxExp>
<heroAT>36</heroAT>
<heroDP>17</heroDP>
<heroHP>190</heroHP>
</RECORD>
<RECORD>
<auto>13</auto>
<level>13</level>
<getExp>34</getExp>
<maxExp>4830</maxExp>
<heroAT>38</heroAT>
<heroDP>18</heroDP>
<heroHP>200</heroHP>
</RECORD>
<RECORD>
<auto>14</auto>
<level>14</level>
<getExp>36</getExp>
<maxExp>5760</maxExp>
<heroAT>40</heroAT>
<heroDP>19</heroDP>
<heroHP>210</heroHP>
</RECORD>
<RECORD>
<auto>15</auto>
<level>15</level>
<getExp>38</getExp>
<maxExp>6780</maxExp>
<heroAT>42</heroAT>
<heroDP>20</heroDP>
<heroHP>220</heroHP>
</RECORD>
<RECORD>
<auto>16</auto>
<level>16</level>
<getExp>40</getExp>
<maxExp>7910</maxExp>
<heroAT>44</heroAT>
<heroDP>21</heroDP>
<heroHP>230</heroHP>
</RECORD>
<RECORD>
<auto>17</auto>
<level>17</level>
<getExp>42</getExp>
<maxExp>9130</maxExp>
<heroAT>46</heroAT>
<heroDP>22</heroDP>
<heroHP>240</heroHP>
</RECORD>
<RECORD>
<auto>18</auto>
<level>18</level>
<getExp>44</getExp>
<maxExp>10460</maxExp>
<heroAT>48</heroAT>
<heroDP>23</heroDP>
<heroHP>250</heroHP>
</RECORD>
<RECORD>
<auto>19</auto>
<level>19</level>
<getExp>46</getExp>
<maxExp>11900</maxExp>
<heroAT>50</heroAT>
<heroDP>24</heroDP>
<heroHP>260</heroHP>
</RECORD>
<RECORD>
<auto>20</auto>
<level>20</level>
<getExp>48</getExp>
<maxExp>13440</maxExp>
<heroAT>52</heroAT>
<heroDP>25</heroDP>
<heroHP>270</heroHP>
</RECORD>
<RECORD>
<auto>21</auto>
<level>21</level>
<getExp>50</getExp>
<maxExp>15100</maxExp>
<heroAT>54</heroAT>
<heroDP>26</heroDP>
<heroHP>280</heroHP>
</RECORD>
<RECORD>
<auto>22</auto>
<level>22</level>
<getExp>52</getExp>
<maxExp>16870</maxExp>
<heroAT>56</heroAT>
<heroDP>27</heroDP>
<heroHP>290</heroHP>
</RECORD>
<RECORD>
<auto>23</auto>
<level>23</level>
<getExp>54</getExp>
<maxExp>18760</maxExp>
<heroAT>58</heroAT>
<heroDP>28</heroDP>
<heroHP>300</heroHP>
</RECORD>
<RECORD>
<auto>24</auto>
<level>24</level>
<getExp>56</getExp>
<maxExp>20760</maxExp>
<heroAT>60</heroAT>
<heroDP>29</heroDP>
<heroHP>310</heroHP>
</RECORD>
<RECORD>
<auto>25</auto>
<level>25</level>
<getExp>58</getExp>
<maxExp>22880</maxExp>
<heroAT>62</heroAT>
<heroDP>30</heroDP>
<heroHP>320</heroHP>
</RECORD>
<RECORD>
<auto>26</auto>
<level>26</level>
<getExp>60</getExp>
<maxExp>25130</maxExp>
<heroAT>64</heroAT>
<heroDP>31</heroDP>
<heroHP>330</heroHP>
</RECORD>
<RECORD>
<auto>27</auto>
<level>27</level>
<getExp>62</getExp>
<maxExp>27500</maxExp>
<heroAT>66</heroAT>
<heroDP>32</heroDP>
<heroHP>340</heroHP>
</RECORD>
<RECORD>
<auto>28</auto>
<level>28</level>
<getExp>64</getExp>
<maxExp>29990</maxExp>
<heroAT>68</heroAT>
<heroDP>33</heroDP>
<heroHP>350</heroHP>
</RECORD>
<RECORD>
<auto>29</auto>
<level>29</level>
<getExp>66</getExp>
<maxExp>32620</maxExp>
<heroAT>70</heroAT>
<heroDP>34</heroDP>
<heroHP>360</heroHP>
</RECORD>
<RECORD>
<auto>30</auto>
<level>30</level>
<getExp>68</getExp>
<maxExp>35370</maxExp>
<heroAT>72</heroAT>
<heroDP>35</heroDP>
<heroHP>370</heroHP>
</RECORD>
<RECORD>
<auto>31</auto>
<level>31</level>
<getExp>70</getExp>
<maxExp>38250</maxExp>
<heroAT>74</heroAT>
<heroDP>36</heroDP>
<heroHP>380</heroHP>
</RECORD>
<RECORD>
<auto>32</auto>
<level>32</level>
<getExp>72</getExp>
<maxExp>41270</maxExp>
<heroAT>76</heroAT>
<heroDP>37</heroDP>
<heroHP>390</heroHP>
</RECORD>
<RECORD>
<auto>33</auto>
<level>33</level>
<getExp>74</getExp>
<maxExp>44410</maxExp>
<heroAT>78</heroAT>
<heroDP>38</heroDP>
<heroHP>400</heroHP>
</RECORD>
<RECORD>
<auto>34</auto>
<level>34</level>
<getExp>76</getExp>
<maxExp>47700</maxExp>
<heroAT>80</heroAT>
<heroDP>39</heroDP>
<heroHP>410</heroHP>
</RECORD>
<RECORD>
<auto>35</auto>
<level>35</level>
<getExp>78</getExp>
<maxExp>51120</maxExp>
<heroAT>82</heroAT>
<heroDP>40</heroDP>
<heroHP>420</heroHP>
</RECORD>
<RECORD>
<auto>36</auto>
<level>36</level>
<getExp>80</getExp>
<maxExp>54690</maxExp>
<heroAT>84</heroAT>
<heroDP>41</heroDP>
<heroHP>430</heroHP>
</RECORD>
<RECORD>
<auto>37</auto>
<level>37</level>
<getExp>82</getExp>
<maxExp>58390</maxExp>
<heroAT>86</heroAT>
<heroDP>42</heroDP>
<heroHP>440</heroHP>
</RECORD>
<RECORD>
<auto>38</auto>
<level>38</level>
<getExp>84</getExp>
<maxExp>62240</maxExp>
<heroAT>88</heroAT>
<heroDP>43</heroDP>
<heroHP>450</heroHP>
</RECORD>
<RECORD>
<auto>39</auto>
<level>39</level>
<getExp>86</getExp>
<maxExp>66220</maxExp>
<heroAT>90</heroAT>
<heroDP>44</heroDP>
<heroHP>460</heroHP>
</RECORD>
<RECORD>
<auto>40</auto>
<level>40</level>
<getExp>88</getExp>
<maxExp>70360</maxExp>
<heroAT>92</heroAT>
<heroDP>45</heroDP>
<heroHP>470</heroHP>
</RECORD>
<RECORD>
<auto>41</auto>
<level>41</level>
<getExp>90</getExp>
<maxExp>74640</maxExp>
<heroAT>94</heroAT>
<heroDP>46</heroDP>
<heroHP>480</heroHP>
</RECORD>
<RECORD>
<auto>42</auto>
<level>42</level>
<getExp>92</getExp>
<maxExp>79070</maxExp>
<heroAT>96</heroAT>
<heroDP>47</heroDP>
<heroHP>490</heroHP>
</RECORD>
<RECORD>
<auto>43</auto>
<level>43</level>
<getExp>94</getExp>
<maxExp>83650</maxExp>
<heroAT>98</heroAT>
<heroDP>48</heroDP>
<heroHP>500</heroHP>
</RECORD>
<RECORD>
<auto>44</auto>
<level>44</level>
<getExp>96</getExp>
<maxExp>88390</maxExp>
<heroAT>100</heroAT>
<heroDP>49</heroDP>
<heroHP>510</heroHP>
</RECORD>
<RECORD>
<auto>45</auto>
<level>45</level>
<getExp>98</getExp>
<maxExp>93270</maxExp>
<heroAT>102</heroAT>
<heroDP>50</heroDP>
<heroHP>520</heroHP>
</RECORD>
<RECORD>
<auto>46</auto>
<level>46</level>
<getExp>100</getExp>
<maxExp>98310</maxExp>
<heroAT>104</heroAT>
<heroDP>51</heroDP>
<heroHP>530</heroHP>
</RECORD>
<RECORD>
<auto>47</auto>
<level>47</level>
<getExp>102</getExp>
<maxExp>103500</maxExp>
<heroAT>106</heroAT>
<heroDP>52</heroDP>
<heroHP>540</heroHP>
</RECORD>
<RECORD>
<auto>48</auto>
<level>48</level>
<getExp>104</getExp>
<maxExp>108850</maxExp>
<heroAT>108</heroAT>
<heroDP>53</heroDP>
<heroHP>550</heroHP>
</RECORD>
<RECORD>
<auto>49</auto>
<level>49</level>
<getExp>106</getExp>
<maxExp>114360</maxExp>
<heroAT>110</heroAT>
<heroDP>54</heroDP>
<heroHP>560</heroHP>
</RECORD>
<RECORD>
<auto>50</auto>
<level>50</level>
<getExp>108</getExp>
<maxExp>120030</maxExp>
<heroAT>112</heroAT>
<heroDP>55</heroDP>
<heroHP>570</heroHP>
</RECORD>
<RECORD>
<auto>51</auto>
<level>51</level>
<getExp>110</getExp>
<maxExp>125860</maxExp>
<heroAT>114</heroAT>
<heroDP>56</heroDP>
<heroHP>580</heroHP>
</RECORD>
<RECORD>
<auto>52</auto>
<level>52</level>
<getExp>112</getExp>
<maxExp>131850</maxExp>
<heroAT>116</heroAT>
<heroDP>57</heroDP>
<heroHP>590</heroHP>
</RECORD>
<RECORD>
<auto>53</auto>
<level>53</level>
<getExp>114</getExp>
<maxExp>138000</maxExp>
<heroAT>118</heroAT>
<heroDP>58</heroDP>
<heroHP>600</heroHP>
</RECORD>
<RECORD>
<auto>54</auto>
<level>54</level>
<getExp>116</getExp>
<maxExp>144320</maxExp>
<heroAT>120</heroAT>
<heroDP>59</heroDP>
<heroHP>610</heroHP>
</RECORD>
<RECORD>
<auto>55</auto>
<level>55</level>
<getExp>118</getExp>
<maxExp>150800</maxExp>
<heroAT>122</heroAT>
<heroDP>60</heroDP>
<heroHP>620</heroHP>
</RECORD>
<RECORD>
<auto>56</auto>
<level>56</level>
<getExp>120</getExp>
<maxExp>157460</maxExp>
<heroAT>124</heroAT>
<heroDP>61</heroDP>
<heroHP>630</heroHP>
</RECORD>
<RECORD>
<auto>57</auto>
<level>57</level>
<getExp>122</getExp>
<maxExp>164270</maxExp>
<heroAT>126</heroAT>
<heroDP>62</heroDP>
<heroHP>640</heroHP>
</RECORD>
<RECORD>
<auto>58</auto>
<level>58</level>
<getExp>124</getExp>
<maxExp>171260</maxExp>
<heroAT>128</heroAT>
<heroDP>63</heroDP>
<heroHP>650</heroHP>
</RECORD>
<RECORD>
<auto>59</auto>
<level>59</level>
<getExp>126</getExp>
<maxExp>178420</maxExp>
<heroAT>130</heroAT>
<heroDP>64</heroDP>
<heroHP>660</heroHP>
</RECORD>
<RECORD>
<auto>60</auto>
<level>60</level>
<getExp>128</getExp>
<maxExp>185750</maxExp>
<heroAT>132</heroAT>
<heroDP>65</heroDP>
<heroHP>670</heroHP>
</RECORD>
<RECORD>
<auto>61</auto>
<level>61</level>
<getExp>130</getExp>
<maxExp>193260</maxExp>
<heroAT>134</heroAT>
<heroDP>66</heroDP>
<heroHP>680</heroHP>
</RECORD>
<RECORD>
<auto>62</auto>
<level>62</level>
<getExp>132</getExp>
<maxExp>200930</maxExp>
<heroAT>136</heroAT>
<heroDP>67</heroDP>
<heroHP>690</heroHP>
</RECORD>
<RECORD>
<auto>63</auto>
<level>63</level>
<getExp>134</getExp>
<maxExp>208780</maxExp>
<heroAT>138</heroAT>
<heroDP>68</heroDP>
<heroHP>700</heroHP>
</RECORD>
<RECORD>
<auto>64</auto>
<level>64</level>
<getExp>136</getExp>
<maxExp>216810</maxExp>
<heroAT>140</heroAT>
<heroDP>69</heroDP>
<heroHP>710</heroHP>
</RECORD>
<RECORD>
<auto>65</auto>
<level>65</level>
<getExp>138</getExp>
<maxExp>225020</maxExp>
<heroAT>142</heroAT>
<heroDP>70</heroDP>
<heroHP>720</heroHP>
</RECORD>
<RECORD>
<auto>66</auto>
<level>66</level>
<getExp>140</getExp>
<maxExp>233400</maxExp>
<heroAT>144</heroAT>
<heroDP>71</heroDP>
<heroHP>730</heroHP>
</RECORD>
<RECORD>
<auto>67</auto>
<level>67</level>
<getExp>142</getExp>
<maxExp>241970</maxExp>
<heroAT>146</heroAT>
<heroDP>72</heroDP>
<heroHP>740</heroHP>
</RECORD>
<RECORD>
<auto>68</auto>
<level>68</level>
<getExp>144</getExp>
<maxExp>250710</maxExp>
<heroAT>148</heroAT>
<heroDP>73</heroDP>
<heroHP>750</heroHP>
</RECORD>
<RECORD>
<auto>69</auto>
<level>69</level>
<getExp>146</getExp>
<maxExp>259640</maxExp>
<heroAT>150</heroAT>
<heroDP>74</heroDP>
<heroHP>760</heroHP>
</RECORD>
<RECORD>
<auto>70</auto>
<level>70</level>
<getExp>148</getExp>
<maxExp>268750</maxExp>
<heroAT>152</heroAT>
<heroDP>75</heroDP>
<heroHP>770</heroHP>
</RECORD>
<RECORD>
<auto>71</auto>
<level>71</level>
<getExp>150</getExp>
<maxExp>278040</maxExp>
<heroAT>154</heroAT>
<heroDP>76</heroDP>
<heroHP>780</heroHP>
</RECORD>
<RECORD>
<auto>72</auto>
<level>72</level>
<getExp>152</getExp>
<maxExp>287520</maxExp>
<heroAT>156</heroAT>
<heroDP>77</heroDP>
<heroHP>790</heroHP>
</RECORD>
<RECORD>
<auto>73</auto>
<level>73</level>
<getExp>154</getExp>
<maxExp>297180</maxExp>
<heroAT>158</heroAT>
<heroDP>78</heroDP>
<heroHP>800</heroHP>
</RECORD>
<RECORD>
<auto>74</auto>
<level>74</level>
<getExp>156</getExp>
<maxExp>307030</maxExp>
<heroAT>160</heroAT>
<heroDP>79</heroDP>
<heroHP>810</heroHP>
</RECORD>
<RECORD>
<auto>75</auto>
<level>75</level>
<getExp>158</getExp>
<maxExp>317070</maxExp>
<heroAT>162</heroAT>
<heroDP>80</heroDP>
<heroHP>820</heroHP>
</RECORD>
<RECORD>
<auto>76</auto>
<level>76</level>
<getExp>160</getExp>
<maxExp>327300</maxExp>
<heroAT>164</heroAT>
<heroDP>81</heroDP>
<heroHP>830</heroHP>
</RECORD>
<RECORD>
<auto>77</auto>
<level>77</level>
<getExp>162</getExp>
<maxExp>337710</maxExp>
<heroAT>166</heroAT>
<heroDP>82</heroDP>
<heroHP>840</heroHP>
</RECORD>
<RECORD>
<auto>78</auto>
<level>78</level>
<getExp>164</getExp>
<maxExp>348320</maxExp>
<heroAT>168</heroAT>
<heroDP>83</heroDP>
<heroHP>850</heroHP>
</RECORD>
<RECORD>
<auto>79</auto>
<level>79</level>
<getExp>166</getExp>
<maxExp>359120</maxExp>
<heroAT>170</heroAT>
<heroDP>84</heroDP>
<heroHP>860</heroHP>
</RECORD>
<RECORD>
<auto>80</auto>
<level>80</level>
<getExp>168</getExp>
<maxExp>370120</maxExp>
<heroAT>172</heroAT>
<heroDP>85</heroDP>
<heroHP>870</heroHP>
</RECORD>
<RECORD>
<auto>81</auto>
<level>81</level>
<getExp>170</getExp>
<maxExp>381300</maxExp>
<heroAT>174</heroAT>
<heroDP>86</heroDP>
<heroHP>880</heroHP>
</RECORD>
<RECORD>
<auto>82</auto>
<level>82</level>
<getExp>172</getExp>
<maxExp>392690</maxExp>
<heroAT>176</heroAT>
<heroDP>87</heroDP>
<heroHP>890</heroHP>
</RECORD>
<RECORD>
<auto>83</auto>
<level>83</level>
<getExp>174</getExp>
<maxExp>404260</maxExp>
<heroAT>178</heroAT>
<heroDP>88</heroDP>
<heroHP>900</heroHP>
</RECORD>
<RECORD>
<auto>84</auto>
<level>84</level>
<getExp>176</getExp>
<maxExp>416040</maxExp>
<heroAT>180</heroAT>
<heroDP>89</heroDP>
<heroHP>910</heroHP>
</RECORD>
<RECORD>
<auto>85</auto>
<level>85</level>
<getExp>178</getExp>
<maxExp>428010</maxExp>
<heroAT>182</heroAT>
<heroDP>90</heroDP>
<heroHP>920</heroHP>
</RECORD>
<RECORD>
<auto>86</auto>
<level>86</level>
<getExp>180</getExp>
<maxExp>440180</maxExp>
<heroAT>184</heroAT>
<heroDP>91</heroDP>
<heroHP>930</heroHP>
</RECORD>
<RECORD>
<auto>87</auto>
<level>87</level>
<getExp>182</getExp>
<maxExp>452550</maxExp>
<heroAT>186</heroAT>
<heroDP>92</heroDP>
<heroHP>940</heroHP>
</RECORD>
<RECORD>
<auto>88</auto>
<level>88</level>
<getExp>184</getExp>
<maxExp>465120</maxExp>
<heroAT>188</heroAT>
<heroDP>93</heroDP>
<heroHP>950</heroHP>
</RECORD>
<RECORD>
<auto>89</auto>
<level>89</level>
<getExp>186</getExp>
<maxExp>477890</maxExp>
<heroAT>190</heroAT>
<heroDP>94</heroDP>
<heroHP>960</heroHP>
</RECORD>
<RECORD>
<auto>90</auto>
<level>90</level>
<getExp>188</getExp>
<maxExp>490870</maxExp>
<heroAT>192</heroAT>
<heroDP>95</heroDP>
<heroHP>970</heroHP>
</RECORD>
<RECORD>
<auto>91</auto>
<level>91</level>
<getExp>190</getExp>
<maxExp>504050</maxExp>
<heroAT>194</heroAT>
<heroDP>96</heroDP>
<heroHP>980</heroHP>
</RECORD>
<RECORD>
<auto>92</auto>
<level>92</level>
<getExp>192</getExp>
<maxExp>517430</maxExp>
<heroAT>196</heroAT>
<heroDP>97</heroDP>
<heroHP>990</heroHP>
</RECORD>
<RECORD>
<auto>93</auto>
<level>93</level>
<getExp>194</getExp>
<maxExp>531020</maxExp>
<heroAT>198</heroAT>
<heroDP>98</heroDP>
<heroHP>1000</heroHP>
</RECORD>
<RECORD>
<auto>94</auto>
<level>94</level>
<getExp>196</getExp>
<maxExp>544810</maxExp>
<heroAT>200</heroAT>
<heroDP>99</heroDP>
<heroHP>1010</heroHP>
</RECORD>
<RECORD>
<auto>95</auto>
<level>95</level>
<getExp>198</getExp>
<maxExp>558810</maxExp>
<heroAT>202</heroAT>
<heroDP>100</heroDP>
<heroHP>1020</heroHP>
</RECORD>
<RECORD>
<auto>96</auto>
<level>96</level>
<getExp>200</getExp>
<maxExp>573020</maxExp>
<heroAT>204</heroAT>
<heroDP>101</heroDP>
<heroHP>1030</heroHP>
</RECORD>
<RECORD>
<auto>97</auto>
<level>97</level>
<getExp>202</getExp>
<maxExp>587430</maxExp>
<heroAT>206</heroAT>
<heroDP>102</heroDP>
<heroHP>1040</heroHP>
</RECORD>
<RECORD>
<auto>98</auto>
<level>98</level>
<getExp>204</getExp>
<maxExp>602060</maxExp>
<heroAT>208</heroAT>
<heroDP>103</heroDP>
<heroHP>1050</heroHP>
</RECORD>
<RECORD>
<auto>99</auto>
<level>99</level>
<getExp>206</getExp>
<maxExp>616900</maxExp>
<heroAT>210</heroAT>
<heroDP>104</heroDP>
<heroHP>1060</heroHP>
</RECORD>
<RECORD>
<auto>100</auto>
<level>100</level>
<getExp>208</getExp>
<maxExp>1585880</maxExp>
<heroAT>212</heroAT>
<heroDP>105</heroDP>
<heroHP>1070</heroHP>
</RECORD>
</RECORDS>