<?xml version="1.0" standalone="yes"?>
<RECORDS>
<RECORD>
<id>2</id>
<name>水果刀</name>
<data>7</data>
<price>50</price>
<type>zb,at</type>
</RECORD>
<RECORD>
<id>3</id>
<name>青铜匕首</name>
<data>16</data>
<price>200</price>
<type>zb,at</type>
</RECORD>
<RECORD>
<id>4</id>
<name>锁镰刀</name>
<data>26</data>
<price>550</price>
<type>zb,at</type>
</RECORD>
<RECORD>
<id>5</id>
<name>大金锤</name>
<data>36</data>
<price>1000</price>
<type>zb,at</type>
</RECORD>
<RECORD>
<id>6</id>
<name>钢剑</name>
<data>46</data>
<price>2000</price>
<type>zb,at</type>
</RECORD>
<RECORD>
<id>7</id>
<name>破邪之剑</name>
<data>56</data>
<price>3500</price>
<type>zb,at</type>
</RECORD>
<RECORD>
<id>8</id>
<name>诱惑之剑</name>
<data>66</data>
<price>5000</price>
<type>zb,at</type>
</RECORD>
<RECORD>
<id>9</id>
<name>冰之刃</name>
<data>76</data>
<price>7500</price>
<type>zb,at</type>
</RECORD>
<RECORD>
<id>10</id>
<name>妖精之剑</name>
<data>86</data>
<price>9500</price>
<type>zb,at</type>
</RECORD>
<RECORD>
<id>11</id>
<name>屠龙剑</name>
<data>96</data>
<price>12500</price>
<type>zb,at</type>
</RECORD>
<RECORD>
<id>12</id>
<name>诸刃之剑</name>
<data>106</data>
<price>25000</price>
<type>zb,at</type>
</RECORD>
<RECORD>
<id>13</id>
<name>旅人之服</name>
<data>3</data>
<price>100</price>
<type>zb,dp</type>
</RECORD>
<RECORD>
<id>14</id>
<name>鳞之铠</name>
<data>7.5</data>
<price>300</price>
<type>zb,dp</type>
</RECORD>
<RECORD>
<id>15</id>
<name>青铜铠甲</name>
<data>12.5</data>
<price>700</price>
<type>zb,dp</type>
</RECORD>
<RECORD>
<id>16</id>
<name>龟壳甲胄</name>
<data>17.5</data>
<price>1250</price>
<type>zb,dp</type>
</RECORD>
<RECORD>
<id>17</id>
<name>安逸之袍</name>
<data>22.5</data>
<price>2500</price>
<type>zb,dp</type>
</RECORD>
<RECORD>
<id>18</id>
<name>秘银铠甲</name>
<data>27.5</data>
<price>4000</price>
<type>zb,dp</type>
</RECORD>
<RECORD>
<id>19</id>
<name>火焰铠</name>
<data>32.5</data>
<price>6750</price>
<type>zb,dp</type>
</RECORD>
<RECORD>
<id>20</id>
<name>神秘之铠</name>
<data>37.5</data>
<price>8800</price>
<type>zb,dp</type>
</RECORD>
<RECORD>
<id>21</id>
<name>公主之袍</name>
<data>42.5</data>
<price>12250</price>
<type>zb,dp</type>
</RECORD>
<RECORD>
<id>22</id>
<name>魔人之铠</name>
<data>47.5</data>
<price>15000</price>
<type>zb,dp</type>
</RECORD>
<RECORD>
<id>23</id>
<name>金属之铠</name>
<data>52.5</data>
<price>27500</price>
<type>zb,dp</type>
</RECORD>
<RECORD>
<id>24</id>
<name>祈祷戒指</name>
<data>40</data>
<price>1000</price>
<type>zb,ahp</type>
</RECORD>
<RECORD>
<id>25</id>
<name>生命之石</name>
<data>85</data>
<price>2000</price>
<type>zb,ahp</type>
</RECORD>
<RECORD>
<id>26</id>
<name>复活珠</name>
<data>135</data>
<price>3000</price>
<type>zb,ahp</type>
</RECORD>
<RECORD>
<id>27</id>
<name>祝福之杖</name>
<data>185</data>
<price>4000</price>
<type>zb,ahp</type>
</RECORD>
<RECORD>
<id>28</id>
<name>生命树之种</name>
<data>235</data>
<price>5000</price>
<type>zb,ahp</type>
</RECORD>
<RECORD>
<id>29</id>
<name>神秘果实</name>
<data>285</data>
<price>6000</price>
<type>zb,ahp</type>
</RECORD>
<RECORD>
<id>30</id>
<name>大富翁券</name>
<data>335</data>
<price>7000</price>
<type>zb,ahp</type>
</RECORD>
<RECORD>
<id>31</id>
<name>幸运券</name>
<data>385</data>
<price>8000</price>
<type>zb,ahp</type>
</RECORD>
<RECORD>
<id>32</id>
<name>世界树水滴</name>
<data>435</data>
<price>9000</price>
<type>zb,ahp</type>
</RECORD>
<RECORD>
<id>33</id>
<name>贤者之石</name>
<data>485</data>
<price>10000</price>
<type>zb,ahp</type>
</RECORD>
<RECORD>
<id>34</id>
<name>战鼓</name>
<data>535</data>
<price>20000</price>
<type>zb,ahp</type>
</RECORD>
</RECORDS>